{
    "compression_ratio": 3.015,
    "pos_compression_ratio": 5.209,
    "homogenization_rougel": 0.136,
    "homogenization_bertscore": 0.7725,
    "self_bleu": 0.015,
    "ngram_diversity_2": 1.1215000000000002,
    "ngram_diversity_3": 2.061,
    "ngram_diversity_4": 3.0380000000000003
}