{
    "compression_ratio": 2.5679999999999996,
    "pos_compression_ratio": 4.939,
    "homogenization_rougel": 0.1195,
    "homogenization_bertscore": 0.746,
    "self_bleu": 0.004,
    "ngram_diversity_2": 1.1755,
    "ngram_diversity_3": 2.1109999999999998,
    "ngram_diversity_4": 3.068
}