{
    "compression_ratio": 3.824,
    "pos_compression_ratio": 7.439500000000001,
    "homogenization_rougel": 0.0905,
    "homogenization_bertscore": 0.734,
    "self_bleu": 0.0325,
    "ngram_diversity_2": 1.0055,
    "ngram_diversity_3": 1.7825000000000002,
    "ngram_diversity_4": 2.5805
}