{
    "compression_ratio": 3.1395,
    "pos_compression_ratio": 5.07,
    "homogenization_rougel": 0.15050000000000002,
    "homogenization_bertscore": 0.787,
    "self_bleu": 0.0125,
    "ngram_diversity_2": 1.0499999999999998,
    "ngram_diversity_3": 1.9740000000000002,
    "ngram_diversity_4": 2.9450000000000003
}