{
    "compression_ratio": 4.705500000000001,
    "pos_compression_ratio": 7.6235,
    "homogenization_rougel": 0.122,
    "homogenization_bertscore": 0.738,
    "self_bleu": 0.063,
    "ngram_diversity_2": 0.8240000000000001,
    "ngram_diversity_3": 1.4729999999999999,
    "ngram_diversity_4": 2.1405
}